{"summary": "Python library for extract property from data.", "test_requires": [{"requires": ["pytest-cov", "pytest (<=2.9.2)", "tox"]}], "run_requires": [{"requires": ["enum34"], "environment": "python_version < \"3.4\""}, {"requires": ["ipaddress"], "environment": "python_version < \"3.3\""}, {"requires": ["setuptools (>=20.2.2)", "logbook (>=1.1.0)", "typepy (>=0.0.20)"]}, {"extra": "test", "requires": ["pytest-cov", "pytest (<=2.9.2)", "tox"]}, {"extra": "docs", "requires": ["path.py", "readmemaker (>=0.3.0)", "sphinx-rtd-theme", "Sphinx"]}], "extensions": {"python.details": {"document_names": {"description": "DESCRIPTION.rst"}}}, "name": "DataProperty", "generator": "bdist_wheel (0.24.0)", "extras": ["docs", "test"], "metadata_version": "2.0", "version": "0.25.6"}