{"name": "pytablereader", "run_requires": [{"requires": ["path.py", "readmemaker (>=0.3.0)", "sphinx-rtd-theme", "Sphinx"], "extra": "docs"}, {"environment": "python_version < \"3.4\"", "requires": ["enum34"]}, {"requires": ["pytablewriter (>=0.23.2)", "pytest-cov", "pytest", "responses", "SimpleSQLite (>=0.14.1)", "tox", "XlsxWriter"], "extra": "test"}, {"requires": ["setuptools (>=20.2.2)", "beautifulsoup4 (>=4.6.0)", "DataProperty (>=0.25.5)", "jsonschema (>=2.6.0)", "logbook", "markdown2 (>=2.3.4)", "mbstrdecoder", "pathvalidate (>=0.16.1)", "path.py (>=10.3.1)", "pyparsing (>=2.2.0)", "requests (>=2.18.4)", "six", "typepy (>=0.0.19)", "xlrd (>=1.0.0)"]}], "generator": "bdist_wheel (0.24.0)", "test_requires": [{"requires": ["pytablewriter (>=0.23.2)", "pytest-cov", "pytest", "responses", "SimpleSQLite (>=0.14.1)", "tox", "XlsxWriter"]}], "summary": "A Python library to load structured table data from files/strings/URL with various data format: CSV/Excel/Google-Sheets/HTML/JSON/LTSV/Markdown/SQLite/TSV.", "metadata_version": "2.0", "version": "0.13.1", "extensions": {"python.details": {"document_names": {"description": "DESCRIPTION.rst"}}}, "extras": ["docs", "test"]}