{"name": "SimpleSQLite", "run_requires": [{"requires": ["path.py", "readmemaker (>=0.3.0)", "sphinx-rtd-theme", "Sphinx"], "extra": "docs"}, {"requires": ["pytablewriter (>=0.23.2)", "pytest-cov", "pytest", "tox"], "extra": "test"}, {"requires": ["setuptools (>=20.2.2)", "DataProperty (>=0.25.4)", "logbook (>=1.1.0)", "mbstrdecoder", "pathvalidate (>=0.16.1)", "pytablereader (>=0.13.0)", "six", "typepy (>=0.0.19)"]}], "generator": "bdist_wheel (0.24.0)", "test_requires": [{"requires": ["pytablewriter (>=0.23.2)", "pytest-cov", "pytest", "tox"]}], "summary": "SimpleSQLite is a Python library to simplify SQLite database operations: table creation, data insertion and get data as other data formats.", "metadata_version": "2.0", "version": "0.14.1", "extensions": {"python.details": {"document_names": {"description": "DESCRIPTION.rst"}}}, "extras": ["docs", "test"]}