{"name": "pytablewriter", "run_requires": [{"requires": ["path.py", "readmemaker (>=0.3.0)", "sphinx-rtd-theme", "Sphinx"], "extra": "docs"}, {"environment": "python_version < \"3.4\"", "requires": ["enum34"]}, {"requires": ["pytest-cov", "pytest", "tox"], "extra": "test"}, {"environment": "python_version < \"3.3\"", "requires": ["ipaddress"]}, {"requires": ["setuptools (>=20.2.2)", "DataProperty (>=0.25.4)", "dominate (>=2.3.1)", "elasticsearch (>=5.4.0)", "logbook (>=1.1.0)", "mbstrdecoder", "pathvalidate (>=0.16.0)", "pytablereader (>=0.12.9)", "SimpleSQLite (>=0.13.1)", "six", "toml (>=0.9.2)", "typepy (>=0.0.17)", "XlsxWriter (>=0.9.8)", "xlwt"]}], "generator": "bdist_wheel (0.24.0)", "test_requires": [{"requires": ["pytest-cov", "pytest", "tox"]}], "summary": "A Python library to write a table in various formats: CSV / Elasticsearch / HTML / JavaScript / JSON / LaTeX / LTSV / Markdown / MediaWiki / NumPy / Excel / Pandas / Python / reStructuredText / SQLite / TOML / TSV.", "metadata_version": "2.0", "version": "0.23.2", "extensions": {"python.details": {"document_names": {"description": "DESCRIPTION.rst"}}}, "extras": ["docs", "test"]}